bids_name	cjv	cnr	efc	fber	fwhm_avg	fwhm_x	fwhm_y	fwhm_z	icvs_csf	icvs_gm	icvs_wm	inu_med	inu_range	qi_1	qi_2	rpve_csf	rpve_gm	rpve_wm	size_x	size_y	size_z	snr_csf	snr_gm	snr_total	snr_wm	snrd_csf	snrd_gm	snrd_total	snrd_wm	spacing_x	spacing_y	spacing_z	summary_bg_k	summary_bg_mad	summary_bg_mean	summary_bg_median	summary_bg_n	summary_bg_p05	summary_bg_p95	summary_bg_stdv	summary_csf_k	summary_csf_mad	summary_csf_mean	summary_csf_median	summary_csf_n	summary_csf_p05	summary_csf_p95	summary_csf_stdv	summary_gm_k	summary_gm_mad	summary_gm_mean	summary_gm_median	summary_gm_n	summary_gm_p05	summary_gm_p95	summary_gm_stdv	summary_wm_k	summary_wm_mad	summary_wm_mean	summary_wm_median	summary_wm_n	summary_wm_p05	summary_wm_p95	summary_wm_stdv	tpm_overlap_csf	tpm_overlap_gm	tpm_overlap_wm	wm2max
sub-control001_rec-NORM_T1w	0.30954867284834137	4.310363987706085	0.499113245607256	7889.760591672754	4.01522705779725	4.0495638400584175	3.9630613333333335	4.033056	0.2140900456024317	0.4358084906840833	0.35010146371348505	1.2737067937850952	0.30009233951568604	0.024562006931262082	0.01003438940264278	28.03491964418021	14.819093360196028	21.932186454820187	192	256	256	3.388030845626066	13.115140807839827	12.47727288519973	20.928647002133292	42.074405527283744	77.45488420300845	77.16825754031903	111.97548289066489	0.9399999976158142	0.9375	0.9375	42.63449815712318	5.850712795461187	5.027875891467065	3.946245811879635	2703514.0	0.0	16.10494912415743	7.125887403059256	-0.6858367252554785	131.72010158430186	376.8851293411792	375.746594466269	14914.0	204.74083169661463	549.9680142961442	110.90040624342546	0.034122164968109825	52.57735147272553	691.2608763491038	691.7128976471722	45618.0	603.4556433409452	776.405198811181	52.74097519514427	0.8484520827166699	42.85251804243194	996.5770119249479	1000.0000197887421	187620.0	910.729540206492	1068.8460109122097	47.781271035921016	0.16187572479248047	0.45036014914512634	0.5055792927742004	0.41785324330949036
sub-control002_rec-NORM_T1w	0.36433503968577646	3.627188005290591	0.5971178040656915	4070.060998921674	3.9049011482640226	3.8672261114587347	3.94976	3.8977173333333335	0.20627193245887424	0.4087414846681813	0.3849865828729445	1.2784860134124756	0.3520787715911864	0.0	0.011688973697241256	22.240877592794515	11.830567169544695	15.662938844492142	192	256	256	2.9635980730270597	11.274731580237646	11.923804322342553	21.53308331376295	39.4575321975826	85.58229562617966	81.64867252172148	119.90618974140219	0.9399993419647217	0.9375	0.9375	619.7588883476432	5.463741023797647	6.923598570786388	3.685237318277359	2460513.0	0.0	22.003034576773643	8.0174203206515	-0.3519916242300609	121.16649211598313	339.2132303423066	329.07001465559006	11487.0	178.5172312706709	534.4352836832403	111.03249585525643	0.05372045942256154	62.02953044664388	714.0681805101257	713.743757084012	27586.0	609.3648295104504	818.8814099878073	63.30357536095808	0.822154402341229	42.26364380172886	998.4241954465498	999.9999852478504	289210.0	918.816374912858	1071.1575822904706	46.44008671808177	0.1673073172569275	0.4304228723049164	0.5111759901046753	0.4404812642146405
sub-control003_rec-NORM_T1w	0.33391206352907005	3.8847678236674983	0.5461886359785741	9511.82224489796	3.8813885277387814	3.7981815832163432	3.974976	3.8710080000000002	0.1964424858794512	0.4262324056092102	0.3773251085113386	1.2356903553009033	0.35938175916671744	0.03514082232434386	0.02316280953119499	20.597812031840625	10.327940217663874	14.030522559712919	192	256	256	2.795940185560149	11.875173825037049	12.743430780709033	23.559178331529903	43.996154220424195	86.94844044406103	84.26085392472508	121.83796710969	0.9399998188018799	0.9375	0.9375	9.377436565187807	5.3771120055989945	4.47301508597282	3.6793693527579308	1922517.0	0.0	11.248357735574245	4.5473433404135895	7.991714512540822	153.20872757982062	364.7752996838241	361.10382076352835	22083.0	181.13009699434042	552.846270219609	129.14998914386496	0.20382885382404137	57.0441447550502	713.4070769198647	713.6399671770632	37733.0	612.6675596535206	813.2142143465579	60.09432124406447	0.9208014179901598	38.57493395321018	999.2093387191296	1000.0000276602805	314980.0	927.9895131848752	1066.4914881065488	42.446235865462086	0.16383124887943268	0.44044890999794006	0.4962652325630188	0.3997520591696083
sub-control007_rec-NORM_T1w	0.36145459048660256	3.711457936157194	0.6099574581846422	4030.0819988102317	4.239265261246461	4.214585117072717	4.31456	4.188650666666667	0.20686346808341802	0.40561052464386516	0.38752600727271685	1.2121952772140503	0.43023053407669054	0.0	0.012120277718238953	17.507795115905697	9.44477260706593	12.330041479337439	192	256	256	3.2913101598144294	11.6611033129407	12.65080212719161	22.999992908819703	46.05328239200722	81.13097652944971	80.00244258813764	112.82306884295603	0.9399999976158142	0.9375	0.9375	12.248965579736925	5.806759191915228	5.715993760003669	3.9165995568037033	2290006.0	0.0	15.89678643643856	5.9291959980222	-0.4845818534564019	135.26333176461355	399.9573919048796	408.1903096921742	29808.0	194.41021050084385	591.5591652659698	124.01853451124792	0.09558770136942041	60.7147909625254	721.1103000820895	719.0991980396211	46392.0	623.488091211766	825.884133014828	61.665815699431704	0.634124138435125	40.81810137846293	999.7564007890202	1000.000022135675	389121.0	927.8309155963361	1069.7500524781644	43.4782193695373	0.13742753863334656	0.41726091504096985	0.4665997326374054	0.3650658400616048
sub-control009_rec-NORM_T1w	0.3602556465437358	3.606681667866324	0.5205431733954915	3326.205764140771	3.8161392656235136	3.7993297968705404	3.842752	3.806336	0.20949348013142047	0.4103107032875394	0.3801958165810402	1.354310154914856	0.34738945960998535	0.004001740327019589	0.00563711139650171	24.410411698132418	13.077780053808175	17.82820427988375	192	256	256	3.0926121276234824	10.718389738995972	12.273987195108079	23.010959718704786	42.80414436519706	77.52443331969044	76.53236317550441	109.26851184162572	0.9399999976158142	0.9375	0.9375	106.02365590693256	5.9956555884327125	8.649166025496093	4.044008240103722	2516812.0	0.0	24.97769795358181	14.772177661937913	7.784003525880616	131.46356591695846	377.31109245031985	391.7335629053414	10003.0	176.74694837629795	555.028236812353	126.66120594730131	-0.021568942850134665	64.7178117927884	710.2603221621541	709.48556330055	23322.0	601.5462257154286	822.1230869293213	66.19187860898346	0.6701747105969944	39.941646787647336	998.6592967152787	999.9999787844718	243106.0	924.2342949919403	1067.4397632591426	43.45746263044985	0.15981198847293854	0.43262261152267456	0.5020890831947327	0.3725737835681999
sub-control011_rec-NORM_T1w	0.3791850393285498	3.4912092943102535	0.5284518779056441	4360.000918273646	3.6725098187128107	3.678457456138432	3.6640853333333334	3.674986666666667	0.2049392803173072	0.4134694358943989	0.3815912837882939	1.2981808185577393	0.27402260303497306	0.024714265135479918	0.006466503766497315	25.380613224431357	13.399926102067738	17.870551165349603	192	256	256	2.740831019348313	10.876438211208923	12.043951158163518	22.514584243933317	28.472426265969638	60.301376211514324	57.5102244283216	83.75687080748085	0.9399999976158142	0.9375	0.9375	206.9522960246035	7.821882447172623	6.996587065066274	5.275779537856579	2513976.0	0.0	21.422862365841866	8.943798720390749	-0.40791453236551334	141.82099992600868	359.35472260831426	339.9413906261325	15651.0	188.99547607079148	563.975503526628	124.0246217295471	-0.06278439314551854	64.94532698561511	719.9387542074461	719.9573894590139	24393.0	609.1127284616232	830.0559806227684	66.1928673586287	0.684666984335125	41.24265290327383	999.2821872534734	1000.0000305846334	245043.0	924.7535587921739	1070.1838856488466	44.41556545259054	0.1767345517873764	0.4320049583911896	0.5082999467849731	0.40609372580431924
sub-control013_rec-NORM_T1w	0.34134980832861206	3.814916136447121	0.5151822336350899	8267.112697395256	3.7053014593556455	3.65586171140027	3.74512	3.714922666666667	0.18064524922458336	0.4463261273763531	0.37302862339906356	1.3377293348312378	0.3756943345069885	0.0	0.014623553566335499	27.109653817344956	12.43009747081088	17.31508168553494	192	256	256	2.311906181935573	11.678072526967487	11.966064898286197	21.90821598595553	48.268788384038395	80.33290700161447	80.62059109773828	113.260077907562	0.9399999976158142	0.9375	0.9375	18.681289337645218	5.784353801269273	5.623838665353842	3.962448090314865	2558137.0	0.0	15.84979236125946	5.935589040951844	38.74911509395871	127.25578362792399	409.8093335151002	426.1765322983265	16005.0	193.14800814390182	574.1160557687282	184.33413153362022	0.11303846549826924	59.38000699115487	710.574109001779	709.2782081663609	40809.0	612.2287103235722	812.1799370348454	60.735152676719935	1.1551229036425834	39.85781291187108	1000.3719822452479	999.99997651577	240667.0	925.6888346374035	1075.4084117114544	45.64488042272677	0.15926489233970642	0.4474563002586365	0.49446001648902893	0.3852151042645125
sub-control015_rec-NORM_T1w	0.3506765534081474	3.6592585555086683	0.5254003226467717	5680.782778355879	3.7522247501723935	3.6991595838505145	3.7836906666666668	3.773824	0.19514252143340638	0.4410897918286263	0.36376768673796733	1.2483205795288086	0.3085958957672119	0.0	0.004016252302007536	27.453546027587542	13.359830586391144	18.84124976825719	192	256	256	0.8417004718452358	11.00523455566437	10.852978786918897	20.712001333247088	36.416129382680104	63.887696210264096	63.67982125048431	90.73563815850872	0.9399999976158142	0.9375	0.9375	2471.2433454747797	7.220276191343561	7.614217752008587	4.870002284646034	3177354.0	0.0	23.957269303500652	10.686735002208499	4.570024684219578	143.1827351170469	552.430953029595	401.34317215159535	13954.0	220.53648249171675	1824.1889606136822	476.8071355333184	1.0259874088407468	60.20778695039711	705.7582461863968	704.1080722510815	40408.0	603.8017348721623	810.9339288175106	63.97858729428066	1.3030726430759154	43.55456928326599	998.5899419403496	999.999985255301	217919.0	916.6601074486971	1074.1496974602342	48.281075050772515	0.1469511240720749	0.4447079300880432	0.49379152059555054	0.37784686024943764
sub-control017_rec-NORM_T1w	0.3483584791112563	3.8456337045721876	0.5529222548130851	2802.0534802472453	3.9566916722788665	3.8418723501699334	3.9819413333333333	4.046261333333333	0.19203272612118466	0.42721150780986505	0.3807557660689503	1.2574849128723145	0.3815974235534667	0.0	0.005103116821524397	23.730979383111013	11.801030783355309	15.925465276246017	192	256	256	2.8285546251975284	11.888888003238232	12.248009208473784	22.026584996985594	31.962853815740488	69.04281923400096	66.08602340397341	97.25239716217882	0.9399999976158142	0.9375	0.9375	658.4522828064977	6.7364547506840715	6.850478567575982	4.543669681996107	2111250.0	0.0	18.567341540008783	7.903252774682236	1.053197423451624	125.41449091397011	345.6278358580084	328.6587736643851	15989.0	187.9732975848019	545.4423027142882	116.18955240370066	-0.026843025341307225	60.12909610795782	709.8494160513227	709.9343641400337	40537.0	611.028211259842	806.9781733974814	59.71337330040965	0.9421053561319375	40.91772515230325	997.1336708465889	999.9999928511679	275411.0	916.8676660768688	1065.9112505838275	45.39960132348559	0.1758602112531662	0.46115922927856445	0.5166242122650146	0.3823239255383032
sub-control019_rec-NORM_T1w	0.3334471695519376	4.005834834070289	0.5385839883240955	5390.161833039578	3.9159352088940107	3.8088936266820324	4.060117333333333	3.8787946666666664	0.19524990419074992	0.4410052166745271	0.36374487913472303	1.310537576675415	0.38399901390075697	0.03169573021720168	0.013288017325230224	25.09791809608509	12.289758965011178	17.65961536830619	192	256	256	2.9528582490612982	11.940913116501342	11.719389558056832	20.264397308607858	33.63974228250036	65.24002561894142	64.32038070530172	94.08137421446338	0.9399999976158142	0.9375	0.9375	18.740237017178554	6.963927144825536	6.050814542223899	4.757316678762436	2222934.0	0.0	19.029266715049744	6.997117077609961	-0.8586225110075754	152.31358601374828	361.540598077358	357.5816004872322	13940.0	181.68132176995277	546.9137714222073	121.09242786441861	0.043471149396441255	57.31847726894865	693.3220084335752	693.4842895269394	37518.0	596.7120375931263	788.2090887129307	58.075545871446515	0.7379926464705888	44.908401972400576	998.911828030779	1000.0602289140224	228716.0	914.6091862916946	1077.0805837512016	49.35049522730599	0.1694115698337555	0.45209503173828125	0.4893845319747925	0.3913238135633159
sub-control021_rec-NORM_T1w	0.37046154363475015	3.531916277114815	0.5961958290471712	3689.8216835217136	3.8463689109929966	3.7749787329789903	3.916074666666667	3.848053333333333	0.18861565876207848	0.4046852968946548	0.4066990443432667	1.2344423532485962	0.32258614897727966	7.839596896179806e-06	0.008586506162970539	21.14152647393349	10.660214658493144	13.303812875569417	192	256	256	2.2297557805717654	10.729634044223792	11.974829706123273	22.965099293574266	35.9853260764227	79.498727735254	75.49768009380311	111.00898646973263	0.9399999976158142	0.9375	0.9375	433.78215132333736	5.90165182488873	7.43140650244104	3.980603665113449	2188383.0	0.0	20.626764446496964	10.40148979898455	42.227729332735876	120.71560550908765	348.0481010610475	324.1658875644207	17779.0	184.48288622498512	544.184708327055	145.37770177426196	0.03285709298660544	65.24007835513359	718.003040387178	716.146786659956	33370.0	609.9008561074734	831.0451020881533	66.74375409539054	0.8474164847456405	39.91662688833832	1000.0840665884326	1000.0000152885914	358889.0	929.000520825386	1071.2166335880756	43.54427600402235	0.17870062589645386	0.4395153820514679	0.5061062574386597	0.3904982618771727
sub-control023_rec-NORM_T1w	0.35325438930706904	3.668511700283737	0.5404534440519706	4410.4594895363625	3.6859230669110965	3.6445532007332893	3.691328	3.721888	0.18646569897831827	0.441468972484455	0.37206532853722674	1.243095874786377	0.32864696383476244	0.0	0.0038692953304085165	29.655398316630983	13.964661421573865	19.561825051039165	192	256	256	0.7093152418036853	10.903526794897198	10.774150250351163	20.7096087143526	29.995762767767165	59.16952855171939	57.813787861650816	84.2760722654659	0.9399999976158142	0.9375	0.9375	1375.6092837760718	7.774132171098309	7.885656425697427	5.24357246607542	2574773.0	0.0	21.36896736174822	10.811168866099194	4.1630830249025585	156.90372134571533	523.7307340573578	355.94272019714117	11339.0	181.26973632723093	1944.9988986663523	501.78961816533774	0.2883038954117634	62.1094645497424	702.7441095070362	702.1312679573894	28268.0	598.2183211296797	811.0227895028887	64.39373808731	0.8493364782938304	43.133894626739	999.5446953683606	1000.0563960298896	210784.0	918.0762415602803	1077.4131855294108	48.289373188575375	0.15016314387321472	0.4253994822502136	0.4904368221759796	0.38085933306134717
sub-control025_rec-NORM_T1w	0.3960560170633439	3.405922401729144	0.5847450738280261	7226.2143367346935	3.792278906260853	3.7702340521158924	3.788512	3.818090666666667	0.18329493007103467	0.4389380813488507	0.3777669885801146	1.3424413204193115	0.4337304472923278	0.0	0.007782160159210764	22.503082329063457	10.522868971530656	14.554916976268101	192	256	256	2.3336526776759494	11.585060563571632	11.195211021011586	19.66691982178717	34.65855533198399	75.26953152908419	71.2763408941345	103.90093582133534	0.9399999976158142	0.9375	0.9375	10.589530985530041	6.305394285392946	6.882102445496748	4.25292381644249	2344075.0	0.0	21.1395330876112	7.10512961396006	12.842648463730004	125.6906169683844	355.6901945299336	333.5730761028826	12740.0	180.56163320690393	584.5268527716398	142.93471666622003	-0.10804280636244235	63.14666924047936	724.0838100556462	724.4355377331376	42004.0	621.4897641763091	827.3187682926655	62.53112880120836	0.8898443079769587	45.99228772874855	1000.426420883971	999.9999838396907	282122.0	917.6308563947678	1083.9952292144299	50.846712175407845	0.1677139699459076	0.44841498136520386	0.4931092858314514	0.4084035759897829
sub-control027_rec-NORM_T1w	0.39911401493948273	3.336165135339476	0.589474680877603	6448.486549306509	3.8947203058433537	3.8356595841967285	3.9421226666666667	3.906378666666667	0.20088500872394682	0.4156971966679217	0.38341779460813147	1.2901568412780762	0.3957205176353453	0.0	0.012497164282634607	21.716599373713752	11.260900049717447	14.90546413842086	192	256	256	2.964105082307434	11.266213439281728	11.470222353838082	20.18034853992508	37.74783576787508	69.74014843505866	67.80322895267624	95.92170265509493	0.9399999976158142	0.9375	0.9375	64.45432626784006	6.829907532934749	7.319752057149971	4.606702625751495	2517364.0	0.0	23.206264477223158	8.580323545841111	7.678468830623192	149.40422728294763	392.4710451958371	393.5275718048215	16261.0	191.06299140304327	581.6537902839482	132.76029706840956	0.06648530041368295	63.26201852380811	726.3046266423736	727.0528419092298	34497.0	618.3346599414945	831.9129104278982	64.53297799097648	0.6926616898148441	45.67500662650113	999.9764779058038	999.9999724850059	301441.0	918.8068387061357	1080.9627711325884	49.553074457851146	0.15191470086574554	0.42836281657218933	0.48079854249954224	0.3688928541082505
sub-control029_rec-NORM_T1w	0.36234298436850193	3.62727644872956	0.5229430099652278	6609.404739919975	3.838505204159753	3.801648945812593	3.862058666666667	3.8518079999999997	0.2067710604835671	0.41924950353445084	0.3739794359819821	1.2931545972824097	0.3113953769207001	0.00029089204683456705	0.01284324796524417	27.25382682850701	14.283712701942422	19.54746367014035	192	256	256	3.0892792485742855	11.746826993763417	12.05453623425681	21.327502460432733	36.40334245238105	74.0491552862143	71.16478715521403	103.04186372704673	0.9399999976158142	0.9375	0.9375	61.59811236378731	6.3582840820975814	7.622263596968528	4.339051529765129	2925234.0	0.0	21.84661991149187	8.733442238033131	-0.7166007639750922	138.27397795008682	358.48193636723255	353.30474810674787	15232.0	188.54692519456148	540.3632777184248	114.36102794152174	0.15967806453895728	59.31905031886332	719.3958856312167	718.6680231392384	20233.0	618.8799287721515	820.9586402490734	61.17824528295293	0.7780836348504452	42.63790502112496	998.5101002101435	1000.0504694357514	220270.0	917.9616689831018	1072.250268727541	46.89007544284611	0.1681700199842453	0.43506208062171936	0.4999859631061554	0.4074538502651811
sub-control031_rec-NORM_T1w	0.39392359830079315	3.316373892757883	0.5795095611819717	3735.9773050907797	3.731208135484486	3.662851073120125	3.7225279999999996	3.8082453333333333	0.19559659806176574	0.41938561985516587	0.3850177820830684	1.3330014944076538	0.37765062451362597	0.0	0.012503797350984964	22.809921797023243	11.49677950618476	14.902082604861201	192	256	256	0.9127839638063178	10.913507133228249	11.117047637627657	21.5248518158484	44.42477780296403	79.20904274283038	77.46018275927294	108.74672773202444	0.9399999976158142	0.9375	0.9375	1545.7148779547754	6.024423971016144	7.403376355620147	4.063412219285965	2675678.0	0.0	20.832141518592834	9.76618367352455	4.8868774710252145	165.1201274309495	525.4383985830026	408.51600593328476	23007.0	178.90459996461868	1687.786911764741	447.5397727767032	0.33256714547399246	64.23223867689043	729.8688090126496	728.3809480965137	46800.0	622.8466927111149	842.6715706586838	66.74052230098762	0.6630574538143121	42.76492509003009	998.6131119188697	1000.0000240504742	310117.0	918.789010822773	1071.825127363205	46.4578534760522	0.14400820434093475	0.4063531458377838	0.49089983105659485	0.38250038309143847
sub-control033_rec-NORM_T1w	0.38184248966840545	3.38254922305877	0.5482296298055745	7945.29132231405	3.6993514546560515	3.689617030634822	3.7036053333333334	3.704832	0.21063055341844591	0.4056740208807186	0.3836954257008355	1.3187332153320312	0.3429524600505829	0.0	0.0021219906629947344	26.130530672542335	13.991645102914067	18.195062464983955	192	256	256	3.6683974230716943	11.55951434458344	12.140196099713132	21.19267653148426	44.57564193197037	77.67954801302231	76.33763994241714	106.75772988225874	0.9399999976158142	0.9375	0.9375	211.56266857795276	6.136664392975421	7.547917481864263	4.139117233455181	2857421.0	0.0	21.12562432140112	17.192022498674486	-0.34813178108466314	109.94192896246226	399.845920092295	417.5401702709496	17894.0	202.42164688520137	564.9814391512423	113.81768519353635	0.01262225570972797	61.44634086992272	728.4189504518841	727.6245567798615	18964.0	623.7784057740122	834.9728310033679	62.944285587907764	0.8173809004112265	42.55816604998539	997.9657898193379	999.9999726489186	229323.0	915.9275135174394	1070.8487585410476	47.186007431868504	0.157728910446167	0.41922464966773987	0.4870046079158783	0.3924186811795975
sub-control035_rec-NORM_T1w	0.4446423631059244	2.9072819464417177	0.5333635160890107	2292.168420099593	3.40867895324284	3.416180859728521	3.334336	3.4755200000000004	0.2055743726728783	0.4284823820695727	0.365943245257549	1.3011213541030884	0.23469712734222425	0.0005270484232338598	0.008267535153178924	26.890590126746286	13.50285586194364	18.567283360847078	192	256	256	0.5941368256062699	9.32817529388629	8.878077884508848	16.711921534033984	40.09898914226539	80.02571889897378	77.42185601294572	112.140859997598	0.9399999976158142	0.9375	0.9375	19.55345964850867	5.842474404792099	12.507544060600779	7.881378203630447	2981315.0	0.0	43.08041475713253	16.451353250742645	2.084058009543088	164.08440828373742	608.34047511149	357.60083815455437	24250.0	174.99331265687943	2006.2014821670946	601.8705615503405	0.5799635485429517	72.98141756494536	714.3445328698939	713.6654754728079	18400.0	591.3037392944098	840.1048230014741	76.5043601392719	1.1036030408159911	54.364719461540034	1004.792730377523	1000.0667444318533	204189.0	914.707411006093	1110.2056652605534	59.84137093493673	0.13202154636383057	0.4033353626728058	0.4414193332195282	0.41368735149472285
sub-control037_rec-NORM_T1w	0.41157807986190537	3.224994456525425	0.5743180462080317	894.2360623988853	3.9826171759144224	3.9476808610766008	4.009216	3.9909546666666667	0.2416444848972331	0.3856763976604614	0.3726791174423054	1.4020541906356812	0.3496441960334775	0.0	0.009183131148325861	22.426001003205585	13.568853291983688	17.643379701184955	192	256	256	3.511476279447244	10.882761251886922	11.050379542300469	18.75690109556724	19.33743872249805	36.82626695076988	35.781693915655204	51.18137607369767	0.9399999976158142	0.9375	0.9375	12.021408153797742	12.800288258100878	15.564578306311432	9.188118666410446	2059925.0	0.0	51.00990018248558	18.713000439241213	-0.21785287772968998	113.08878525276279	371.7446722272672	377.8217761963606	28312.0	190.0990068912506	537.267318226397	107.59437729416453	-0.008811127744104308	65.9978165234192	718.3853526299927	719.5247410833836	22036.0	607.0494953393936	825.2673136666417	66.1145088204383	0.7008716366333645	49.43964547394926	1002.3150177503858	999.9999841675162	244972.0	918.7326587215066	1093.148497544229	53.31360111251014	0.170589417219162	0.4354247748851776	0.5193924307823181	0.3698874956052971
sub-control039_rec-NORM_T1w	0.38079649293009343	3.491515334800112	0.5159347740568877	5878.690511621316	3.841642395664891	3.8203085203280054	3.8875946666666668	3.8170240000000004	0.21089250691014652	0.43646674133833196	0.3526407517515215	1.4323718547821045	0.39201604127883916	0.0	0.014169640667510539	24.709053064360887	12.854414348629716	18.864335457462577	192	256	256	2.7271435072393437	11.66611238098192	11.162249154148434	19.093491574224036	31.83134108608389	68.50761113271697	65.3144820566547	95.60449395116322	0.9399999976158142	0.9375	0.9375	14.2737143378315	6.852945895644758	7.7939609318422205	4.622241765260696	2913467.0	0.0	23.276288889348507	8.591287684134977	-0.4722699176027949	134.44827185741144	354.17593892044965	332.96648716181517	13178.0	184.3861764181405	559.3077616028487	122.08886426975756	-0.0367499801707134	61.431764993101226	715.9928797362629	716.612553678453	29357.0	613.7126477137208	816.8161519467831	61.42580536111865	0.9152887330493851	46.502132863303714	999.5213933130988	1000.0550219267607	211435.0	911.0768679454923	1083.6955872029066	52.37662546492778	0.17159941792488098	0.45074862241744995	0.5094996690750122	0.3918668334123938
sub-control041_rec-NORM_T1w	0.3220131515306285	4.027833136569554	0.5111790984694327	3997.3588464748013	3.5124973835707487	3.4964468173789136	3.4521919999999997	3.5888533333333332	0.17308784479094422	0.47039911207360574	0.35651304313545007	1.3741943836212158	0.3443586111068724	4.0808787205800863e-05	0.004541701354106831	30.479257279943827	12.845835104671886	19.037710214109573	192	256	256	0.7025005625436215	11.919468473319622	11.519884005636326	21.937682981045732	39.53687956834259	80.53894937951199	78.43613004952907	115.23256120073262	0.9399999976158142	0.9375	0.9375	51.621897368324724	5.685340697119661	7.634950205069379	3.885160658508539	2569529.0	0.0	23.058680791407824	8.440127230002293	3.132939589428254	158.06743280281373	534.4266148264248	343.1050971150398	11293.0	187.14364782348275	1738.957545442879	488.3838163554154	0.3632715438200842	55.73130025465983	700.663843598725	698.9252654761076	42753.0	606.6703596577048	800.2623650416733	58.636598855214125	0.9030946558219135	41.21872005411754	997.4146483776246	999.999988194555	209784.0	916.2419791929424	1066.6531989723444	45.58355618739973	0.15254926681518555	0.4430709183216095	0.49302908778190613	0.40310377089858845
sub-control043_rec-NORM_T1w	0.4341830546663549	3.081780462102338	0.5976917347678461	2834.318477596297	3.7240322300783255	3.6997446902349775	3.766453333333333	3.7058986666666667	0.1892338938023027	0.41924318025994367	0.3915229259377536	1.446772813796997	0.3836348891258239	0.0	0.013333164280107222	24.254970757959146	11.895491966723332	15.564151517115214	192	256	256	2.7893029545312773	10.580590072421955	10.648961608986381	18.57699180000591	36.64558374304656	68.84779072676206	66.67110892569013	94.51995230726176	0.9399999976158142	0.9375	0.9375	30.250644345463108	6.931421750495537	10.085645594802802	4.675172924995422	2500469.0	0.0	32.466478645801544	11.429228709031074	1.9835898465481012	173.09300426931912	378.61133705849886	387.71468798816204	12587.0	174.42940317243338	578.2734377518295	138.9950437827513	-0.01376307949677491	68.35152003960877	730.0665955735432	728.4179148972034	24796.0	618.6162841171026	846.1413664668798	68.84334631142639	0.6606924790634867	49.578919465350026	1000.96484751767	1000.0324752479792	279764.0	913.8015079647303	1090.4840847551823	53.83168053976134	0.175207257270813	0.44579339027404785	0.49467605352401733	0.4067666789921293
sub-control045_rec-NORM_T1w	0.39901957784588266	3.347424963257052	0.5691314102883586	2964.9253208208493	3.764877194557656	3.629159583672969	3.8589973333333334	3.8064746666666665	0.22447783261705434	0.3876732915149401	0.38784887586800554	1.309256911277771	0.3266040325164794	0.0	0.006853301771575804	21.16138435185327	12.299970389095238	15.589042685246985	192	256	256	2.4053485625413518	11.509219865340741	12.208142374081467	22.709858694362307	36.30389692445935	72.78156797259979	69.22830089123518	98.59943777664637	0.9399999976158142	0.9375	0.9375	12.65064447333031	6.644757741829632	7.316017341836776	4.481820989400148	2679891.0	0.0	22.610535103827715	8.162932005378329	21.318460420100617	156.48777783005517	374.92607260960375	368.2143266797066	18368.0	173.7007778627798	580.3353890802709	153.0773165359506	0.05334096276493572	63.1251985473815	738.2159620151932	738.1911672316492	28196.0	633.1327510615811	845.1128123523667	64.13797680465689	0.6061318817725381	41.3617504379058	1000.4975754763119	1000.050371106714	293504.0	928.9455257467926	1073.1695180349052	44.03588242992539	0.15889589488506317	0.4202025830745697	0.5029758810997009	0.40019309785498475
sub-control047_rec-NORM_T1w	0.351622218127142	3.7135392294950336	0.5294258740039772	3215.5570934256057	3.8083227644022206	3.7528936265399953	3.935754666666667	3.73632	0.21190592450148563	0.4207284835669404	0.367365591931574	1.3276209831237793	0.32342567443847625	0.0	0.007314392633332228	23.681542822103125	12.725275063728958	17.75843461883179	192	256	256	2.8161465573414457	11.151835333531599	12.455145424324451	23.39745438210031	34.544185673440275	76.03145439637117	72.38776270850538	106.58764805570466	0.9399999976158142	0.9375	0.9375	95.91811494843708	6.14645676971779	6.079187627594888	4.1457220911979675	2285581.0	0.0	16.79017446935177	6.440474397361091	-0.759348355128945	137.3733088031926	342.27073901569383	324.0918244794011	18885.0	178.22459270060062	529.9683835282922	115.08038985155312	0.17322225328184349	62.002382664528206	713.8704492326656	713.3233073167503	28008.0	609.2319988356903	821.6302969492972	63.96351377072848	0.7948788404662732	38.79950835884355	999.1211507958404	999.9999899230897	247678.0	927.4498533271253	1067.7307245880365	42.739605550249365	0.1688421070575714	0.4340440332889557	0.5021095275878906	0.4079790270407408
sub-control049_rec-NORM_T1w	0.3659298026763151	3.616598464309272	0.5026340972185801	8547.474878789493	3.9206995872630284	3.9489680951224186	3.8759573333333335	3.9371733333333334	0.21391017909237753	0.4261939536670986	0.35989586724052386	1.3525751829147339	0.392594766616821	0.0	0.01276425071457781	26.160975538174828	13.836900686842	19.85563170062497	192	256	256	3.4685690692101545	11.391334978067666	11.449717514413472	19.489248495962592	47.294453118248704	81.39740584764816	81.2544437744685	115.07147235750867	0.9399999976158142	0.9375	0.9375	30.29031324679498	5.693299518315272	6.4460471532156705	3.8400721698999405	2780800.0	0.0	19.313304148614407	7.654936890157186	-0.6808849483514692	128.93648909125764	390.58673847326145	411.00066547840834	13127.0	189.42285411022604	559.0919192776082	118.48834553873408	0.03850851039809822	61.37041980772198	708.3480747318215	707.363882355392	27857.0	605.7713848017156	811.1135969221591	62.09554782327331	0.9079511881534827	45.71384613235498	998.4591985468821	999.9999703615904	208801.0	908.8547279760242	1078.6085065454245	51.31021732015001	0.16546866297721863	0.44821998476982117	0.5049192309379578	0.3809400882004948
sub-experimental004_rec-NORM_T1w	0.34897087030384555	3.735472101723409	0.5724809989088914	5365.98348526886	3.717054860819097	3.673927249123959	3.742773333333333	3.734464	0.20725611101671718	0.429258663268382	0.36348522571490083	1.3750054836273193	0.37072847485542293	0.0	0.005371076950283655	23.665630187533793	12.367764948297172	17.548938733895636	192	256	256	2.159985713352432	10.914783290227598	10.725018938866532	19.100287813019566	33.783479343879605	65.16743247428518	64.39841943370713	94.24434648295662	0.9400050044059753	0.9375	0.9375	10.517423379912357	6.951466270886318	8.089159783882021	4.743212431669235	3037411.0	0.0	23.607022792100906	8.208033141989432	23.191764215520735	155.19552604769456	366.11246055466654	358.4669165313244	11127.0	169.6598019093275	568.912893384695	165.95054586551925	0.30603548277156367	60.461590356081	690.5043251233216	691.4731410443783	24137.0	584.6036581873893	794.0791846811771	63.35066840863448	1.3919439060077634	47.20530583950709	997.6405996850748	1000.0000278353691	240256.0	906.8804090619087	1077.6905762851238	52.35512451482672	0.15955494344234467	0.4350969195365906	0.4912959337234497	0.40469032601807403
sub-experimental005_rec-NORM_T1w	0.34313255890413746	3.879444137250741	0.5284312141948061	2869.293801939058	3.849313722467404	3.837242500735546	3.837205333333333	3.8734933333333337	0.1898678621143178	0.44049730322557845	0.3696348346601037	1.3302180767059326	0.3817944824695587	0.0	0.014893875564419	25.38815417241618	12.147248013276862	17.16844558916099	192	256	256	3.168963919090782	11.939100324015794	11.827082103937684	20.37318206870648	37.42230589486691	71.21199108256457	70.04894032429236	101.51252399544562	0.9400005340576172	0.9375	0.9375	87.48349622153418	6.4537492973010275	6.818473017252773	4.352987751364708	2712062.0	0.0	21.76493875682354	7.6434199564736	-0.6143471929826827	143.15589350376825	364.48249966409776	368.6471834629774	14847.0	187.5911591604352	539.510432550311	116.32659058123812	0.06203950841146355	58.167558601648224	700.6288074611334	701.5094156712294	44526.0	602.4648112505674	795.692241564393	58.756649920282904	0.8525752607268151	44.25428089577847	998.3644123004194	1000.0000043362379	236118.0	913.6186370104551	1075.018377661705	49.084030338330095	0.16696953773498535	0.4425583779811859	0.4864814579486847	0.4050977877524848
sub-experimental006_rec-NORM_T1w	0.3549721122746472	3.7443187276860623	0.5175103715949066	3267.199327872296	3.780174511583432	3.743499534750296	3.8298666666666668	3.767157333333333	0.20163039905607902	0.41987521602127814	0.37849438492264287	1.3740609884262085	0.3347759544849396	2.3474531637950493e-05	0.01586927748383831	26.84515084260239	13.726675748444348	18.619294253599318	192	256	256	2.9077515351480696	11.30650829354475	12.171862898623774	22.301328867178505	35.11705512382443	75.0316946255217	71.974286686465	105.77411031004891	0.9400001168251038	0.9375	0.9375	779.5787774318275	6.193731007763756	7.0539176438797435	4.1776080802083015	3063256.0	0.0	21.186440978199244	8.861205248295812	-0.49043009716387553	131.57254297921008	342.33651999487176	332.0004821456969	13601.0	180.77106964215636	535.8080763444304	114.17353680523141	0.04934160169382018	61.848828206098084	708.5073561657512	709.3578520193696	28349.0	603.5330713361502	810.5753277912736	62.73778980485241	0.7194174339628705	41.321034008938206	998.1707248657482	1000.0000141710043	230466.0	920.8641811087728	1067.9756656475365	44.84028062215309	0.17130716145038605	0.4272444248199463	0.4999221861362457	0.4000286485066966
sub-experimental008_rec-NORM_T1w	0.3474271916521079	3.865904566234318	0.5124814124958937	5571.87160813697	3.932613677030456	3.869617031091368	3.9268799999999997	4.001344	0.1994510266793993	0.4157480214039755	0.3848009519166252	1.4237070083618164	0.33663602471351606	0.025414583375127003	0.008863115177835359	26.91282030276507	13.859556667578874	18.365905806891206	192	256	256	3.0890376136165307	11.850540487675138	12.595685530160706	22.84747848919045	36.26557900004429	66.947839214818	65.76428653625196	94.07944139389357	0.9399999976158142	0.9375	0.9375	11.092583623494104	6.96365093893437	5.67313899959997	4.696911182254553	2819560.0	0.0	18.732386950403452	6.594820163312775	13.94407244965706	146.5643709382775	378.8294348305227	385.4782636165619	17860.0	189.42090220246462	559.3772558061406	124.7856193468271	-0.03777484426897315	60.378949905819184	711.9515890848367	711.6096730008721	39855.0	613.8034048527479	811.4604789577425	60.04795698575232	0.9398571072777142	39.81569830967181	997.8710247321317	1000.0000195913017	248142.0	922.1418095231056	1064.8173939064145	43.76841869386386	0.16219539940357208	0.44104817509651184	0.5055947303771973	0.41431292856086627
sub-experimental010_rec-NORM_T1w	0.40119694697878866	3.312514664696702	0.5334006009668952	4197.849880258225	4.009765223251924	4.014127669755773	4.069002666666667	3.9461653333333335	0.22627257691451064	0.3927335911730313	0.38099383191245806	1.3454176187515259	0.37667281627655	0.0	0.009911547629500625	21.449614097656358	12.369327542908328	16.05725361064306	192	256	256	3.335796695749718	11.61286588145342	11.626404155013347	19.930549887836907	44.171539180843716	85.95289427869217	82.53276626077412	117.47386532278648	0.9399999976158142	0.9375	0.9375	17.36210377782095	5.57686934311668	6.921681715133467	3.761541210114956	3581904.0	0.0	22.797219455242157	8.62984652508746	-0.6121959648442328	129.4932161867623	378.1893519733914	376.0116383899003	21198.0	204.31153041031212	558.8738349452615	112.7175315356183	0.034445567837664726	61.768052876034744	731.8759499793526	731.676758415997	23571.0	628.376857759431	836.2305061426014	63.00436472977876	0.7174445140022518	45.88242505018723	999.7734222723977	1000.0000314041972	279851.0	916.6761942952871	1081.2721187621355	50.174142227143015	0.15729844570159912	0.423778772354126	0.4892767667770386	0.3803021436157531
sub-experimental012_rec-NORM_T1w	0.3578180475016539	3.7217455488774966	0.5097037202454114	5680.591221303948	3.9036217148148977	3.821574477778025	4.015562666666667	3.873728	0.19818794006357537	0.42864651199035464	0.37316554794607	1.275849461555481	0.3088044106960295	0.0	0.011437260291375071	27.692675222813236	14.080224642614024	19.59340151537699	192	256	256	2.6963813750826415	11.996704091529795	12.293483611408284	22.18736536761242	37.19359621831643	68.42177501940941	66.93625854724928	95.193404404022	0.9399999976158142	0.9375	0.9375	21.41134267241623	6.882161286718574	8.071689191333153	4.6419472470879555	3193876.0	0.0	23.54939091205597	9.444292558382292	15.372285648223432	155.77184570914235	382.96961509415956	390.7160963341594	14728.0	183.07387069612741	568.8451610298828	144.89895061650898	-0.012444301716874051	59.589445287441315	718.3363628427679	718.7659048326313	32552.0	618.9951740322635	816.8694972619414	59.91269426931619	0.7806681714961416	41.04118133177296	998.3010431985033	999.9999770708382	228240.0	920.6906100809574	1068.8366581983864	45.07059625257425	0.16031424701213837	0.446113646030426	0.49671176075935364	0.3844563419517716
sub-experimental014_rec-NORM_T1w	0.3044221745637658	4.300000564963996	0.5521786927886556	9015.829916765755	4.036939937132656	3.9345744780646346	4.206933333333334	3.969312	0.20042819690174593	0.41885776239659617	0.3807140407016579	1.1950321197509766	0.322615098953247	0.0	0.018258798575297174	17.65911337746087	9.189127234709568	12.426294892169121	192	256	256	2.8858728047156315	11.56595009865619	12.935374228130124	24.354299781018554	38.77828184231112	87.97763238261136	84.85888106143263	127.82072895937543	0.9399999976158142	0.9375	0.9375	9.034849097742468	5.1254313627861245	5.09594229570857	3.5050655156373978	3059345.0	0.0	14.164305850863457	5.253373961814766	16.145029204108567	98.91370664710168	317.82103996694195	303.3802254870534	20576.0	176.11753851175308	496.5069346688688	105.1234318834475	0.17610394717119027	58.01703556487072	687.4815944487474	688.2892351597548	51309.0	587.7658767551184	783.6462230235338	59.50938072192476	1.2900771644012279	36.87463119337795	998.0207042839938	999.99999307096	377219.0	927.882069721818	1060.1622819900513	41.060456534230156	0.15767282247543335	0.4202485680580139	0.48274096846580505	0.420297459286017
sub-experimental016_rec-NORM_T1w	0.38835285804987535	3.249514907010315	0.5800092534345557	677.7447140428478	3.9385594832370283	3.940585116377752	3.8988159999999996	3.9762773333333334	0.21865615771480626	0.41566873505933666	0.3656751072258571	1.3912920951843262	0.4121080815792084	3.7765304898189095e-06	0.005110233364266202	22.14014805872641	11.867665511644237	16.070231004745757	192	256	256	3.151547540087523	11.506833533356904	10.51962867533878	16.90050495257191	16.9078302624618	33.19547417875352	32.41937987611569	47.15483518713174	0.9399999976158142	0.9375	0.9375	12.850304508839509	13.893302047784774	25.846825781561066	14.028934478759766	3195069.0	0.0	91.18807411193848	32.49054987304046	-0.14356717155112753	120.40861774746804	365.76204733928756	358.55983708798885	23675.0	189.70297845751048	555.2553625747562	113.7702223767274	0.15205063287175813	59.87931935214841	704.1415361866972	703.9675481021404	22940.0	602.2577731311321	804.4717115163803	61.1768826084897	0.6946696501505469	55.08572390876068	1000.5434666915487	999.9999858140945	248859.0	903.9346649497747	1097.7641229629517	59.16970998491227	0.15322807431221008	0.4327528178691864	0.49077919125556946	0.387615798440798
sub-experimental018_rec-NORM_T1w	0.41081610902507887	3.167307360716068	0.6525155867493224	1908.6768010922076	3.7062757288523827	3.647808519890482	3.7582826666666667	3.712736	0.21225927024910504	0.3958619978868534	0.3918787318640416	1.2330567836761475	0.3379879713058471	0.0	0.002963491586992522	21.23445794783959	11.400002028562156	13.973074777098324	192	256	256	2.976565145188898	11.977857169809392	10.958277220586242	17.920409346760437	41.75404575590063	87.58581673786954	83.18249368006197	120.20761854641573	0.9399999976158142	0.9375	0.9375	897.2071022677649	5.4503919873887385	13.146594323028712	7.223476409912109	1649457.0	0.0	39.342148303985596	22.96419388563943	2.648139660078252	124.40280658934647	360.88877632296635	347.37182092666626	25681.0	192.77652668952942	558.2715339660645	116.69996815477496	0.022266586962584878	60.14555368539503	729.0929943001411	728.668182849884	13806.0	628.893914937973	828.829422712326	60.832399526450246	2.123400600394053	51.34842977592549	1002.1003668514087	1000.0645108222961	281058.0	914.8661863803864	1095.066124677658	55.80579730978631	0.16465941071510315	0.4221965968608856	0.4931180775165558	0.34174442035452934
sub-experimental020_rec-NORM_T1w	0.3842056083347195	3.4769161377271782	0.542284420998056	3637.4301234567897	4.108053781159178	3.999500010144203	4.22272	4.101941333333333	0.21659558020499917	0.4094957326536778	0.3739086871413231	1.3407683372497559	0.42542463541030884	0.0	0.01756682667217482	21.67925381650176	11.903227234409464	15.967668440419052	192	256	256	3.3905966569359856	12.195671423390676	12.00133516376406	20.41773741096551	42.44431315918792	80.90578960327159	78.07381201787695	110.87133329117134	0.9399999976158142	0.9375	0.9375	16.024638095120693	5.909293011242593	6.776770563425811	3.985757566988468	2589466.0	0.0	20.407078742980957	7.978690579212451	-0.28101188324097937	125.43459298530945	380.04265668907914	382.845300167799	20205.0	199.56422420740128	557.1026209965348	112.91104922305115	0.049338054781672636	59.0141395389427	731.0669029734829	729.7656387984753	36033.0	633.894883453846	831.6416022107005	59.83725594453123	0.6931938646931481	44.83183631196047	999.649682273545	1000.0531452745199	280139.0	917.6276787891984	1078.918001666665	48.979538732471894	0.16379958391189575	0.44369375705718994	0.5091835856437683	0.38188201392130205
sub-experimental022_rec-NORM_T1w	0.4793276922409127	2.745275526762321	0.6178346113060643	1101.692106937506	3.7742290054925682	3.7003723498110372	3.830016	3.792298666666667	0.22352073300643627	0.3931741683059375	0.38330509868762624	1.3362334966659546	0.3350719213485718	0.0	0.005367784341199858	21.800546228331836	12.370840464156617	15.766099876290742	192	256	256	3.0818375884218026	11.230774590187243	10.57341952285246	17.40764638994833	17.868132438929248	36.22367496537125	34.13923805265643	48.325906753668804	0.9399999976158142	0.9375	0.9375	651.2777110433148	13.557380452889332	16.93917373402869	13.744181275367737	1926240.0	0.0	46.55287206172943	23.814206863576516	-0.27799990067186986	130.8903458269861	374.54264494535926	369.76281237602234	19604.0	188.26203142106533	573.2099473029375	119.97821781547869	0.05300223837848694	65.73275371097859	751.5045807169384	749.6120803654194	21831.0	644.5910177975893	863.9714273884892	66.74472055561422	0.49920262235379065	54.311687753696056	1003.4779075647515	1000.0554480403662	274551.0	914.7085159271955	1103.413908034563	57.449100491834415	0.15666207671165466	0.4206676781177521	0.4874165952205658	0.3929185858645551
sub-experimental024_rec-NORM_T1w	0.36454904662267357	3.550711400851377	0.5427770736272028	2623.925294658304	3.7349597005195476	3.6903404348919757	3.772672	3.7418666666666667	0.2110608040127098	0.44078537351208014	0.34815382247521004	1.2503880262374878	0.32089126110076904	0.0	0.013504133518029515	25.884159359907137	13.189971649991756	19.08107303079877	192	256	256	1.1503372482435124	10.80453675096609	9.786055372955524	17.403292119656967	30.84774022714786	62.25744006606315	61.027052710954116	89.97597783965136	0.9399999976158142	0.9375	0.9375	19.396639063908015	7.281236652497944	9.738690759883399	4.911119490861893	3515077.0	0.0	29.466716945171356	11.171753132331492	26.690985475826587	115.86663542670642	393.39108721631993	342.8441840223968	15542.0	189.03005683794618	555.3275055158883	298.02838668861466	0.6898518887470066	60.861641149683905	692.0780614285757	691.9340308755636	28896.0	586.8654337245971	795.507939485833	64.03995598200575	1.770558585816623	51.44351982743113	998.7685308516136	1000.0000154599547	192260.0	901.2438083067536	1088.1866393610835	57.46024418460912	0.15633328258991241	0.4402354955673218	0.49164214730262756	0.4058011827654182
sub-experimental026_rec-NORM_T1w	0.378847556162916	3.4592845763610147	0.537546336382567	4477.2275087549815	3.738304220693088	3.7837553287459316	3.6933653333333334	3.737792	0.19523130049936463	0.4451379361166063	0.3596307633840291	1.349055290222168	0.3730410218238831	0.0	0.008497474117070244	25.643504786163263	12.37677081835179	17.656249337342498	192	256	256	0.8737096073062941	11.967855889280996	10.723063233121087	19.327624202775965	45.086772133632095	87.84629500326098	84.80466859176308	121.48093863839618	0.9399999976158142	0.9375	0.9375	642.5664832717966	5.3929150266048795	8.0292904024512	7.335556250065565	2583036.0	0.0	22.370415341109037	8.84387716527374	6.550747858284856	146.7322296822078	496.67501377747936	371.14277159422636	14022.0	204.54986417796462	1708.438925753906	424.7744719212308	0.15103285258886512	60.31076638086457	723.0862096739432	723.128222733736	43548.0	623.522281255573	821.4610511437058	60.421843872354295	1.2471742566109976	44.58143088660034	997.8460701609384	1000.0000028498471	222479.0	906.9415000081062	1077.9630221687257	51.739300441311514	0.15129360556602478	0.43799498677253723	0.4905288815498352	0.3917680030400912
sub-experimental028_rec-NORM_T1w	0.33171617256317115	3.9371538535727075	0.5113957488317029	7200.29388429752	3.6923044853414315	3.633457456024295	3.7157226666666667	3.727733333333333	0.1874454111836173	0.44817021558232023	0.3643843732340625	1.3115907907485962	0.2968092918395997	0.0	0.013147758250467883	27.113591109354676	12.886473856378835	18.632809368485518	192	256	256	2.371209458925684	11.015587232711066	11.922541982827958	22.380829256847125	39.00693222635229	76.35410965188721	75.08863642983545	109.90486741126684	0.9399999976158142	0.9375	0.9375	12.36287264063127	5.960940646389605	5.870170975823914	4.0205933675169945	2850095.0	0.0	16.376563228666782	6.1616192585925535	30.659810206853713	124.77993438448485	359.54053457180703	354.91542793624103	12834.0	182.0691384341568	543.814671932533	149.67113055974252	0.07611957471351882	61.57215521331702	695.960027965287	694.7291149310768	46032.0	593.9200909845531	803.5302939862013	63.06713877887281	1.1427048998809148	39.69114137717956	998.3929360417833	1000.0000211037695	226979.0	921.5003871843219	1067.7126972079277	44.68099938470336	0.15915228426456451	0.45174917578697205	0.5036244988441467	0.4517064959801555
sub-experimental030_rec-NORM_T1w	0.41144305634460543	3.235043539614719	0.5920313659844254	3256.4622237750023	3.722183048015071	3.664074477378547	3.7560000000000002	3.7464746666666664	0.19500486236153372	0.4250476094894894	0.37994752814897687	1.2352420091629028	0.34830839633941646	9.95413441144266e-06	0.012553330535152467	23.734442645069088	11.893826432405227	15.966704031432418	192	256	256	2.7300836920219593	11.245236184926323	11.276361385490873	19.85376427952433	35.451886533530136	74.07673685790854	70.25424630781183	101.2341155319968	0.9399999976158142	0.9375	0.9375	11.183758443122702	6.471890527185707	9.104580248294308	4.365223824977875	2373804.0	0.0	30.192798122763634	10.265981480852643	2.6884586308790555	146.2916921249269	365.78940187064904	350.2182697914541	17384.0	186.085853972286	569.288846291229	128.2774581834518	-0.0035249268848582815	64.08969369282512	733.0397125544132	731.7812717705965	30907.0	627.8040653839707	842.8944065488873	65.07372732790454	0.6924858090090336	46.29199474306443	1000.2408740868331	1000.0606526806951	264764.0	917.6064248755574	1083.1211615726352	50.371241947376795	0.17848601937294006	0.4547218680381775	0.511288046836853	0.39605743373031116
sub-experimental032_rec-NORM_T1w	0.4048155575180087	3.1014709702333274	0.6196270804273332	2035.8478223593966	3.50747139774689	3.4866808599073353	3.432096	3.6036373333333334	0.18928705151356529	0.4415492576499346	0.36916369083650014	1.3235728740692139	0.42446057796478254	0.0	0.007369098262270581	21.31031030175868	9.949396990872135	13.603099668687715	192	256	256	0.6805796762918814	9.4940085662508	9.932131896158317	19.62180744593227	40.44454812706026	76.7321249949305	74.81593581541543	107.27113432425551	0.9399999976158142	0.9375	0.9375	413.97081012846706	6.107294243976622	9.769526676619941	8.238614737987518	2327700.0	0.0	29.59798628091812	12.32760732697079	2.6149807995225833	151.04243449686626	596.3769876990075	377.03104946762323	25746.0	199.55755698680878	1952.151204686612	553.9744138732663	1.0226604592285842	68.42431514084919	719.5300213775988	715.3100962787867	46179.0	604.5464981347322	851.5523733347654	75.34250114413274	0.8363133727553711	46.82258920382076	1000.4887290205806	1000.0000055581331	290900.0	917.7664251178503	1083.911822333932	50.96361736850293	0.15008634328842163	0.41578829288482666	0.48540550470352173	0.3801964379198718
sub-experimental034_rec-NORM_T1w	0.3486599130515787	3.7944572558222673	0.5010613657477455	6316.010711111112	3.7606741213260997	3.693617030644967	3.7714986666666666	3.8169066666666667	0.18513364238028135	0.4580880268990219	0.35677833072069676	1.374753713607788	0.40509259700775146	0.0	0.021249260436978126	26.170410940520775	12.018414207656633	17.778238819732596	192	256	256	2.74537980532072	12.21171124739249	11.654446812662675	20.00624938527481	39.828367151042535	69.74677667663335	69.35693787586995	98.49566979993395	0.9399999976158142	0.9375	0.9375	14.08746905172077	6.65162195723935	6.816854041695863	4.486450832337141	2685726.0	0.0	22.25279612839222	7.500377961777825	42.23054712191749	129.30753084873297	400.4346086403687	404.3787683546543	11637.0	202.5363363750279	578.2257471404969	147.28796084886773	0.07670317117549263	57.02657224673202	708.0343328796745	708.1413993760943	46296.0	611.6378419725224	803.4336150549352	57.98808512688496	1.0233312254956006	44.743243699030025	999.6831520397841	1000.0298905279487	222864.0	916.2528986521065	1079.4400702603161	49.98576333221707	0.14399689435958862	0.44523295760154724	0.48682117462158203	0.3897216523685192
sub-experimental036_rec-NORM_T1w	0.32009438702218646	4.074854123129622	0.5178531536586962	8131.21111042222	3.6363857052271733	3.6660851156815193	3.5576533333333336	3.6854186666666666	0.16091172400305703	0.48532390088986876	0.3537643751070742	1.2995752096176147	0.35484790802001953	0.0	0.005204319358031885	29.710408638244964	11.327917582939428	17.29512961834598	192	256	256	0.6223546147117299	11.17853580823136	10.564861415064899	19.89369382225161	52.37362945844509	77.06996658489281	81.04223552154288	113.68311052129073	0.9399999976158142	0.9375	0.9375	15.88706559052197	5.762829398555372	6.041254066680492	3.8869693614542484	2755708.0	0.0	16.1031587831676	6.488339719369438	-1.162223740777398	331.3169536756755	888.5471938424499	460.6984162218869	13107.0	196.69298927485943	2162.975053796544	740.2224238057483	0.29927107346235937	59.366290153372006	679.2441941818576	677.9368149787188	81799.0	582.4901228807867	779.8617893457413	60.645927398482186	1.1704696268317853	43.72432464300742	998.2909351704939	999.9999906420708	227822.0	911.216674592346	1076.6288151964545	50.26707482676246	0.1437709778547287	0.4395076036453247	0.49356773495674133	0.3759898687803874
sub-experimental038_rec-NORM_T1w	0.35429145070215834	3.7114993076576805	0.5498911183756342	5767.28991034119	3.9424140837263906	3.960159584512507	3.9924586666666664	3.874624	0.21046599607101435	0.417026228254587	0.3725077756743986	1.2292221784591675	0.30869877338409424	0.0	0.00535676534305455	26.052350063780437	13.948945909318399	19.182236776514078	192	256	256	3.0994288571332698	11.362321825731275	12.352661225164498	22.596232992628952	35.60644859948971	68.74765647295335	66.92198291641517	96.41184367680249	0.9399999976158142	0.9375	0.9375	125.86016279656764	6.795185554432097	7.549491065156879	4.643589362502098	2461802.0	0.0	23.09733410179615	8.951036401298703	-0.5702310857370065	139.74835554707062	365.69469737449356	369.3161202073097	11857.0	182.48703131079674	554.0706704795359	119.15116079209962	0.11346082345257802	61.60372167110151	713.0328749734344	713.0623457431793	28677.0	609.9384780824184	815.9449879825115	62.75565187456752	0.8025414695485091	40.05583063665236	999.3356540173781	999.9999845325947	230589.0	924.6773466914892	1070.1965821683407	44.25506749272445	0.16299602389335632	0.43243706226348877	0.49618008732795715	0.3851930464222711
sub-experimental040_rec-NORM_T1w	0.3496081496783901	3.7346692474491268	0.5183644710939789	2700.861288714845	3.843430490251544	3.848702137421299	3.8348053333333336	3.846784	0.20733160823084507	0.42137629049393954	0.3712921012752154	1.4231747388839722	0.36683720350265503	0.0007965491145583735	0.010908162329671966	25.420153690423575	13.434736937857904	18.5752041395248	192	256	256	2.56120766598466	11.10606801306224	11.922969990842804	22.101634293481514	32.561850461749756	68.85024563104898	66.32496742123395	97.56280617090312	0.9399999976158142	0.9375	0.9375	253.94083711602917	6.715021755666761	8.260975922915376	4.5795379392802715	3295970.0	0.0	22.9480142891407	11.185456435636707	52.70174962692756	133.4424045556667	348.5426929550151	333.75269904732704	15774.0	182.2580612944439	539.6809325367212	130.30654409987363	0.03405835194454232	62.225868269178655	705.0916085669459	705.7017639838159	28055.0	598.8626535981894	809.4207496196032	63.54086666222287	1.040491129628017	40.66318729820428	998.4684371493195	999.9999823234975	244970.0	921.6445914283395	1069.0956481546164	45.245429725987705	0.17390218377113342	0.4441016912460327	0.5165746212005615	0.4143370114161759
sub-experimental042_rec-NORM_T1w	0.34068800245166897	3.8640429097709874	0.524790741330035	3486.5162022884097	3.9705137148947927	3.9160744780177117	4.0264853333333335	3.9689813333333333	0.19209609033013084	0.4390717186305353	0.3688321910393339	1.3690067529678345	0.3900461435317992	0.0	0.018236667228830036	25.350578648431703	12.371554466537662	17.50657910404272	192	256	256	2.6246721961589765	12.349218211312916	12.21698472683441	21.677063773031335	35.25104251554893	79.10946352668476	75.08895267480541	110.90635198218254	0.9399999976158142	0.9375	0.9375	15.559837644465581	5.907113188981029	6.478614144852177	4.04040402173996	2594108.0	0.0	19.75308632850647	6.390665473641604	-0.6681039352717244	132.53565225417998	343.9344299534548	317.84511637687683	14961.0	182.04264786839485	547.306394778192	121.09492919111949	0.058420985673848236	57.407156343618446	713.8592033930722	713.2996600046754	45202.0	619.8092002794147	809.8765394687653	57.76007497978764	1.1197491164550897	40.268208217842506	997.7766247825809	999.99999538064	242159.0	916.8350125998259	1068.6307470276952	46.13161363041804	0.17299991846084595	0.45142385363578796	0.4991086721420288	0.3869745117674226
sub-experimental044_rec-NORM_T1w	0.3517458613301899	3.8047333518507425	0.5181775115573202	7107.223062381853	3.8757283152877737	3.8216489458633207	3.943850666666667	3.8616853333333334	0.22355508336873847	0.40783971892614945	0.3686051977051121	1.331954836845398	0.30449786186218253	0.025113094052368036	0.010123131627480032	23.257458392475115	13.201019562563776	18.23150067492908	192	256	256	3.410789614516823	11.365655852363826	12.741155256338962	23.44702030213623	42.2412312020522	76.4401959601439	75.40085085766776	107.52112541080722	0.9399999976158142	0.9375	0.9375	15.145133308731896	6.093094558153928	5.602557057808649	4.109729826450348	2388530.0	0.0	16.69577741995454	6.395022283676575	5.5166501305093725	125.63199342093631	377.7281862102944	392.86448559723794	24518.0	185.8548256577924	538.947400859557	115.18050602919448	0.008840284546066002	62.68271026700854	710.4051339586531	710.9318883530796	30453.0	607.3666967265308	813.2127894088626	62.5498629277058	0.8267155647354967	38.99580517218514	999.2440362084592	1000.0000100210309	242511.0	927.771508321166	1067.1427210606635	42.64925501709184	0.1727135330438614	0.4547889530658722	0.5195145606994629	0.4035742422357673
sub-experimental046_rec-NORM_T1w	0.35009613025432595	3.7384078619212695	0.5411158648459943	3330.8741099577087	3.8776216959311314	3.8555957544600603	3.9102506666666668	3.8670186666666666	0.20490971401486466	0.4150603885497085	0.38002989743542687	1.4106040000915527	0.37174739837646475	0.0	0.009551570857395492	22.838697263946433	12.148485330130923	16.53142686371378	192	256	256	3.6293555333955867	11.271922237499814	12.635807090940391	23.006143501925774	42.9859449719995	77.2524124616319	76.23847990033524	108.47708226737431	0.9399999976158142	0.9375	0.9375	15.054446945356982	6.039398794105927	6.528238102011073	4.073512583971024	2262914.0	0.0	20.41492934525013	6.903245771380019	-0.42717440704231047	119.45369010202536	384.3875179172998	396.26751485466957	14797.0	198.73057438731195	547.0348468869925	109.18029960196331	0.062225777395358506	62.43052939488568	711.9069178279808	712.154205814004	32173.0	606.1007793545723	815.7161582976579	63.17849991755919	1.1048868317179554	38.343159785835304	999.4342819854069	999.9999729394913	282940.0	927.0556778311729	1068.9181218892336	43.466572556811	0.1649179309606552	0.4401412010192871	0.5072770118713379	0.4273550597188245
sub-experimental048_rec-NORM_T1w	0.4147874663086622	3.264291285215782	0.5355896943007733	2276.3650565364014	3.9432922869414107	3.848180860824232	4.016981333333333	3.9647146666666666	0.20763301712678892	0.4167007837627123	0.37566619911049876	1.313708782196045	0.35792870521545384	1.893579585597868e-05	0.00909803634692357	25.13354407044986	13.119204996463168	17.820443458284434	192	256	256	3.102672912916425	11.253227063449772	10.814799571641899	18.088498738559498	32.62490274027705	62.5240864891366	60.64337139437583	86.78112495371384	0.9399999976158142	0.9375	0.9375	32.803227666692294	7.54929588103342	9.953865144490834	5.09192269295454	2976980.0	0.0	31.301924765110016	13.311807077609531	-0.6705328333026781	142.08569510829216	380.42579319210677	375.94469229876995	14572.0	190.73538420014083	570.2122628722339	121.16384906554129	-0.05532868878469266	64.92394457688742	721.3658609302666	720.4802614599466	22670.0	617.46262550354	828.2146258056164	64.02291241546764	0.9724925779939086	51.01734690129953	1000.273113629376	1000.0000177100301	244024.0	910.114182382822	1089.6714562922716	55.28363537419479	0.15783685445785522	0.4374055564403534	0.500837504863739	0.3914185495384136
sub-experimental050_rec-NORM_T1w	0.3717143323559556	3.551276194915922	0.5605609999721973	3769.461336287975	3.8539323247715065	3.854138307647853	3.856992	3.8506666666666667	0.2107992658174148	0.41713167695179815	0.37206905723078704	1.3138831853866577	0.36251404881477356	0.0001225735808522995	0.01929637565500252	21.030780399274047	11.207475898453966	15.429238033584044	192	256	256	3.0286417697356494	11.104794185185266	11.904783392805987	21.58091422349704	41.43655263209424	82.44461287956187	79.66164411065891	115.1037668203206	0.9399999976158142	0.9375	0.9375	13.93640266197119	5.691702374553704	7.333572930322348	3.838994912803173	2687524.0	0.0	23.20846924558282	8.732140903503918	-0.5444562597254068	140.8265148128212	366.07240918920706	359.99302295967937	17552.0	188.45975026488304	554.819106454961	118.85947402825877	0.013087300018574943	63.384867352984436	715.7214607025679	716.2633841857314	30570.0	607.9571943730116	822.1847438253462	64.4993195740601	0.8915166961671348	42.08410240579103	999.133244353746	1000.0000081956387	275386.0	920.951612945646	1072.5919120013714	46.337156165138744	0.17131729423999786	0.4466026723384857	0.5121142864227295	0.4017385614805814
